"","Age","Province","education_level","counts","estimate","prediction"
"1",29.5,"Newfoundland and Labrador","Below high school",4585,0.460156665550968,"Conservative"
"2",29.5,"Newfoundland and Labrador","High School",12790,0.493624207896415,"Conservative"
"3",29.5,"Newfoundland and Labrador","College",7135,0.474329275300589,"Conservative"
"4",29.5,"Newfoundland and Labrador","College",15935,0.474329275300589,"Conservative"
"5",29.5,"Newfoundland and Labrador","College",1265,0.474329275300589,"Conservative"
"6",29.5,"Newfoundland and Labrador","At or above Bachelor",15715,0.605120450860972,"Liberal"
"7",29.5,"Newfoundland and Labrador","Below high school",2615,0.460156665550968,"Conservative"
"8",29.5,"Newfoundland and Labrador","High School",6440,0.493624207896415,"Conservative"
"9",29.5,"Newfoundland and Labrador","College",5420,0.474329275300589,"Conservative"
"10",29.5,"Newfoundland and Labrador","College",7030,0.474329275300589,"Conservative"
"11",29.5,"Newfoundland and Labrador","College",645,0.474329275300589,"Conservative"
"12",29.5,"Newfoundland and Labrador","At or above Bachelor",5800,0.605120450860972,"Liberal"
"13",29.5,"Newfoundland and Labrador","Below high school",1970,0.460156665550968,"Conservative"
"14",29.5,"Newfoundland and Labrador","High School",6345,0.493624207896415,"Conservative"
"15",29.5,"Newfoundland and Labrador","College",1720,0.474329275300589,"Conservative"
"16",29.5,"Newfoundland and Labrador","College",8910,0.474329275300589,"Conservative"
"17",29.5,"Newfoundland and Labrador","College",620,0.474329275300589,"Conservative"
"18",29.5,"Newfoundland and Labrador","At or above Bachelor",9910,0.605120450860972,"Liberal"
"19",39.5,"Newfoundland and Labrador","Below high school",6615,0.448431468854544,"Conservative"
"20",39.5,"Newfoundland and Labrador","High School",13250,0.481899011199991,"Conservative"
"21",39.5,"Newfoundland and Labrador","College",7405,0.462604078604166,"Conservative"
"22",39.5,"Newfoundland and Labrador","College",21265,0.462604078604166,"Conservative"
"23",39.5,"Newfoundland and Labrador","College",1490,0.462604078604166,"Conservative"
"24",39.5,"Newfoundland and Labrador","At or above Bachelor",15005,0.593395254164548,"Liberal"
"25",39.5,"Newfoundland and Labrador","Below high school",3895,0.448431468854544,"Conservative"
"26",39.5,"Newfoundland and Labrador","High School",6425,0.481899011199991,"Conservative"
"27",39.5,"Newfoundland and Labrador","College",5600,0.462604078604166,"Conservative"
"28",39.5,"Newfoundland and Labrador","College",8905,0.462604078604166,"Conservative"
"29",39.5,"Newfoundland and Labrador","College",670,0.462604078604166,"Conservative"
"30",39.5,"Newfoundland and Labrador","At or above Bachelor",5900,0.593395254164548,"Liberal"
"31",39.5,"Newfoundland and Labrador","Below high school",2715,0.448431468854544,"Conservative"
"32",39.5,"Newfoundland and Labrador","High School",6830,0.481899011199991,"Conservative"
"33",39.5,"Newfoundland and Labrador","College",1810,0.462604078604166,"Conservative"
"34",39.5,"Newfoundland and Labrador","College",12360,0.462604078604166,"Conservative"
"35",39.5,"Newfoundland and Labrador","College",820,0.462604078604166,"Conservative"
"36",39.5,"Newfoundland and Labrador","At or above Bachelor",9095,0.593395254164548,"Liberal"
"37",49.5,"Newfoundland and Labrador","Below high school",13950,0.436706272158121,"Conservative"
"38",49.5,"Newfoundland and Labrador","High School",17530,0.470173814503567,"Conservative"
"39",49.5,"Newfoundland and Labrador","College",10475,0.450878881907742,"Conservative"
"40",49.5,"Newfoundland and Labrador","College",24730,0.450878881907742,"Conservative"
"41",49.5,"Newfoundland and Labrador","College",1835,0.450878881907742,"Conservative"
"42",49.5,"Newfoundland and Labrador","At or above Bachelor",12410,0.581670057468124,"Liberal"
"43",49.5,"Newfoundland and Labrador","Below high school",7610,0.436706272158121,"Conservative"
"44",49.5,"Newfoundland and Labrador","High School",7990,0.470173814503567,"Conservative"
"45",49.5,"Newfoundland and Labrador","College",7490,0.450878881907742,"Conservative"
"46",49.5,"Newfoundland and Labrador","College",10075,0.450878881907742,"Conservative"
"47",49.5,"Newfoundland and Labrador","College",780,0.450878881907742,"Conservative"
"48",49.5,"Newfoundland and Labrador","At or above Bachelor",5250,0.581670057468124,"Liberal"
"49",49.5,"Newfoundland and Labrador","Below high school",6335,0.436706272158121,"Conservative"
"50",49.5,"Newfoundland and Labrador","High School",9535,0.470173814503567,"Conservative"
"51",49.5,"Newfoundland and Labrador","College",2980,0.450878881907742,"Conservative"
"52",49.5,"Newfoundland and Labrador","College",14655,0.450878881907742,"Conservative"
"53",49.5,"Newfoundland and Labrador","College",1065,0.450878881907742,"Conservative"
"54",49.5,"Newfoundland and Labrador","At or above Bachelor",7160,0.581670057468124,"Liberal"
"55",59.5,"Newfoundland and Labrador","Below high school",20020,0.424981075461697,"Conservative"
"56",59.5,"Newfoundland and Labrador","High School",21640,0.458448617807144,"Conservative"
"57",59.5,"Newfoundland and Labrador","College",11060,0.439153685211318,"Conservative"
"58",59.5,"Newfoundland and Labrador","College",20020,0.439153685211318,"Conservative"
"59",59.5,"Newfoundland and Labrador","College",2085,0.439153685211318,"Conservative"
"60",59.5,"Newfoundland and Labrador","At or above Bachelor",9665,0.569944860771701,"Liberal"
"61",59.5,"Newfoundland and Labrador","Below high school",9845,0.424981075461697,"Conservative"
"62",59.5,"Newfoundland and Labrador","High School",9445,0.458448617807144,"Conservative"
"63",59.5,"Newfoundland and Labrador","College",7965,0.439153685211318,"Conservative"
"64",59.5,"Newfoundland and Labrador","College",8170,0.439153685211318,"Conservative"
"65",59.5,"Newfoundland and Labrador","College",875,0.439153685211318,"Conservative"
"66",59.5,"Newfoundland and Labrador","At or above Bachelor",4805,0.569944860771701,"Liberal"
"67",59.5,"Newfoundland and Labrador","Below high school",10175,0.424981075461697,"Conservative"
"68",59.5,"Newfoundland and Labrador","High School",12195,0.458448617807144,"Conservative"
"69",59.5,"Newfoundland and Labrador","College",3095,0.439153685211318,"Conservative"
"70",59.5,"Newfoundland and Labrador","College",11855,0.439153685211318,"Conservative"
"71",59.5,"Newfoundland and Labrador","College",1205,0.439153685211318,"Conservative"
"72",59.5,"Newfoundland and Labrador","At or above Bachelor",4860,0.569944860771701,"Liberal"
"73",29.5,"Prince Edward Island","Below high school",1000,0.460156665550968,"Conservative"
"74",29.5,"Prince Edward Island","High School",4025,0.493624207896415,"Conservative"
"75",29.5,"Prince Edward Island","College",845,0.474329275300589,"Conservative"
"76",29.5,"Prince Edward Island","College",4005,0.474329275300589,"Conservative"
"77",29.5,"Prince Edward Island","College",260,0.474329275300589,"Conservative"
"78",29.5,"Prince Edward Island","At or above Bachelor",5020,0.605120450860972,"Liberal"
"79",29.5,"Prince Edward Island","Below high school",590,0.460156665550968,"Conservative"
"80",29.5,"Prince Edward Island","High School",2450,0.493624207896415,"Conservative"
"81",29.5,"Prince Edward Island","College",600,0.474329275300589,"Conservative"
"82",29.5,"Prince Edward Island","College",1685,0.474329275300589,"Conservative"
"83",29.5,"Prince Edward Island","College",105,0.474329275300589,"Conservative"
"84",29.5,"Prince Edward Island","At or above Bachelor",1945,0.605120450860972,"Liberal"
"85",29.5,"Prince Edward Island","Below high school",405,0.460156665550968,"Conservative"
"86",29.5,"Prince Edward Island","High School",1575,0.493624207896415,"Conservative"
"87",29.5,"Prince Edward Island","College",245,0.474329275300589,"Conservative"
"88",29.5,"Prince Edward Island","College",2320,0.474329275300589,"Conservative"
"89",29.5,"Prince Edward Island","College",155,0.474329275300589,"Conservative"
"90",29.5,"Prince Edward Island","At or above Bachelor",3075,0.605120450860972,"Liberal"
"91",39.5,"Prince Edward Island","Below high school",1275,0.448431468854544,"Conservative"
"92",39.5,"Prince Edward Island","High School",3890,0.481899011199991,"Conservative"
"93",39.5,"Prince Edward Island","College",1155,0.462604078604166,"Conservative"
"94",39.5,"Prince Edward Island","College",5505,0.462604078604166,"Conservative"
"95",39.5,"Prince Edward Island","College",420,0.462604078604166,"Conservative"
"96",39.5,"Prince Edward Island","At or above Bachelor",4580,0.593395254164548,"Liberal"
"97",39.5,"Prince Edward Island","Below high school",830,0.448431468854544,"Conservative"
"98",39.5,"Prince Edward Island","High School",2070,0.481899011199991,"Conservative"
"99",39.5,"Prince Edward Island","College",775,0.462604078604166,"Conservative"
"100",39.5,"Prince Edward Island","College",2405,0.462604078604166,"Conservative"
"101",39.5,"Prince Edward Island","College",215,0.462604078604166,"Conservative"
"102",39.5,"Prince Edward Island","At or above Bachelor",1590,0.593395254164548,"Liberal"
"103",39.5,"Prince Edward Island","Below high school",445,0.448431468854544,"Conservative"
"104",39.5,"Prince Edward Island","High School",1820,0.481899011199991,"Conservative"
"105",39.5,"Prince Edward Island","College",380,0.462604078604166,"Conservative"
"106",39.5,"Prince Edward Island","College",3100,0.462604078604166,"Conservative"
"107",39.5,"Prince Edward Island","College",210,0.462604078604166,"Conservative"
"108",39.5,"Prince Edward Island","At or above Bachelor",2980,0.593395254164548,"Liberal"
"109",49.5,"Prince Edward Island","Below high school",2700,0.436706272158121,"Conservative"
"110",49.5,"Prince Edward Island","High School",5050,0.470173814503567,"Conservative"
"111",49.5,"Prince Edward Island","College",1865,0.450878881907742,"Conservative"
"112",49.5,"Prince Edward Island","College",6010,0.450878881907742,"Conservative"
"113",49.5,"Prince Edward Island","College",525,0.450878881907742,"Conservative"
"114",49.5,"Prince Edward Island","At or above Bachelor",4435,0.581670057468124,"Liberal"
"115",49.5,"Prince Edward Island","Below high school",1810,0.436706272158121,"Conservative"
"116",49.5,"Prince Edward Island","High School",2565,0.470173814503567,"Conservative"
"117",49.5,"Prince Edward Island","College",1335,0.450878881907742,"Conservative"
"118",49.5,"Prince Edward Island","College",2280,0.450878881907742,"Conservative"
"119",49.5,"Prince Edward Island","College",175,0.450878881907742,"Conservative"
"120",49.5,"Prince Edward Island","At or above Bachelor",1830,0.581670057468124,"Liberal"
"121",49.5,"Prince Edward Island","Below high school",895,0.436706272158121,"Conservative"
"122",49.5,"Prince Edward Island","High School",2485,0.470173814503567,"Conservative"
"123",49.5,"Prince Edward Island","College",525,0.450878881907742,"Conservative"
"124",49.5,"Prince Edward Island","College",3730,0.450878881907742,"Conservative"
"125",49.5,"Prince Edward Island","College",345,0.450878881907742,"Conservative"
"126",49.5,"Prince Edward Island","At or above Bachelor",2605,0.581670057468124,"Liberal"
"127",59.5,"Prince Edward Island","Below high school",3970,0.424981075461697,"Conservative"
"128",59.5,"Prince Edward Island","High School",5705,0.458448617807144,"Conservative"
"129",59.5,"Prince Edward Island","College",2390,0.439153685211318,"Conservative"
"130",59.5,"Prince Edward Island","College",5450,0.439153685211318,"Conservative"
"131",59.5,"Prince Edward Island","College",650,0.439153685211318,"Conservative"
"132",59.5,"Prince Edward Island","At or above Bachelor",3580,0.569944860771701,"Liberal"
"133",59.5,"Prince Edward Island","Below high school",2315,0.424981075461697,"Conservative"
"134",59.5,"Prince Edward Island","High School",2650,0.458448617807144,"Conservative"
"135",59.5,"Prince Edward Island","College",1735,0.439153685211318,"Conservative"
"136",59.5,"Prince Edward Island","College",1865,0.439153685211318,"Conservative"
"137",59.5,"Prince Edward Island","College",225,0.439153685211318,"Conservative"
"138",59.5,"Prince Edward Island","At or above Bachelor",1570,0.569944860771701,"Liberal"
"139",59.5,"Prince Edward Island","Below high school",1655,0.424981075461697,"Conservative"
"140",59.5,"Prince Edward Island","High School",3055,0.458448617807144,"Conservative"
"141",59.5,"Prince Edward Island","College",660,0.439153685211318,"Conservative"
"142",59.5,"Prince Edward Island","College",3590,0.439153685211318,"Conservative"
"143",59.5,"Prince Edward Island","College",430,0.439153685211318,"Conservative"
"144",59.5,"Prince Edward Island","At or above Bachelor",2010,0.569944860771701,"Liberal"
"145",29.5,"Nova Scotia","Below high school",7730,0.460156665550968,"Conservative"
"146",29.5,"Nova Scotia","High School",25715,0.493624207896415,"Conservative"
"147",29.5,"Nova Scotia","College",8205,0.474329275300589,"Conservative"
"148",29.5,"Nova Scotia","College",25990,0.474329275300589,"Conservative"
"149",29.5,"Nova Scotia","College",1775,0.474329275300589,"Conservative"
"150",29.5,"Nova Scotia","At or above Bachelor",35245,0.605120450860972,"Liberal"
"151",29.5,"Nova Scotia","Below high school",4845,0.460156665550968,"Conservative"
"152",29.5,"Nova Scotia","High School",14595,0.493624207896415,"Conservative"
"153",29.5,"Nova Scotia","College",5850,0.474329275300589,"Conservative"
"154",29.5,"Nova Scotia","College",11285,0.474329275300589,"Conservative"
"155",29.5,"Nova Scotia","College",750,0.474329275300589,"Conservative"
"156",29.5,"Nova Scotia","At or above Bachelor",13605,0.605120450860972,"Liberal"
"157",29.5,"Nova Scotia","Below high school",2885,0.460156665550968,"Conservative"
"158",29.5,"Nova Scotia","High School",11125,0.493624207896415,"Conservative"
"159",29.5,"Nova Scotia","College",2360,0.474329275300589,"Conservative"
"160",29.5,"Nova Scotia","College",14705,0.474329275300589,"Conservative"
"161",29.5,"Nova Scotia","College",1025,0.474329275300589,"Conservative"
"162",29.5,"Nova Scotia","At or above Bachelor",21635,0.605120450860972,"Liberal"
"163",39.5,"Nova Scotia","Below high school",8835,0.448431468854544,"Conservative"
"164",39.5,"Nova Scotia","High School",23750,0.481899011199991,"Conservative"
"165",39.5,"Nova Scotia","College",9600,0.462604078604166,"Conservative"
"166",39.5,"Nova Scotia","College",30525,0.462604078604166,"Conservative"
"167",39.5,"Nova Scotia","College",2155,0.462604078604166,"Conservative"
"168",39.5,"Nova Scotia","At or above Bachelor",33425,0.593395254164548,"Liberal"
"169",39.5,"Nova Scotia","Below high school",5420,0.448431468854544,"Conservative"
"170",39.5,"Nova Scotia","High School",12850,0.481899011199991,"Conservative"
"171",39.5,"Nova Scotia","College",6675,0.462604078604166,"Conservative"
"172",39.5,"Nova Scotia","College",12680,0.462604078604166,"Conservative"
"173",39.5,"Nova Scotia","College",840,0.462604078604166,"Conservative"
"174",39.5,"Nova Scotia","At or above Bachelor",12830,0.593395254164548,"Liberal"
"175",39.5,"Nova Scotia","Below high school",3420,0.448431468854544,"Conservative"
"176",39.5,"Nova Scotia","High School",10905,0.481899011199991,"Conservative"
"177",39.5,"Nova Scotia","College",2925,0.462604078604166,"Conservative"
"178",39.5,"Nova Scotia","College",17840,0.462604078604166,"Conservative"
"179",39.5,"Nova Scotia","College",1315,0.462604078604166,"Conservative"
"180",39.5,"Nova Scotia","At or above Bachelor",20595,0.593395254164548,"Liberal"
"181",49.5,"Nova Scotia","Below high school",17775,0.436706272158121,"Conservative"
"182",49.5,"Nova Scotia","High School",30735,0.470173814503567,"Conservative"
"183",49.5,"Nova Scotia","College",16265,0.450878881907742,"Conservative"
"184",49.5,"Nova Scotia","College",37730,0.450878881907742,"Conservative"
"185",49.5,"Nova Scotia","College",3535,0.450878881907742,"Conservative"
"186",49.5,"Nova Scotia","At or above Bachelor",30440,0.581670057468124,"Liberal"
"187",49.5,"Nova Scotia","Below high school",10545,0.436706272158121,"Conservative"
"188",49.5,"Nova Scotia","High School",14425,0.470173814503567,"Conservative"
"189",49.5,"Nova Scotia","College",11400,0.450878881907742,"Conservative"
"190",49.5,"Nova Scotia","College",14785,0.450878881907742,"Conservative"
"191",49.5,"Nova Scotia","College",1300,0.450878881907742,"Conservative"
"192",49.5,"Nova Scotia","At or above Bachelor",13220,0.581670057468124,"Liberal"
"193",49.5,"Nova Scotia","Below high school",7235,0.436706272158121,"Conservative"
"194",49.5,"Nova Scotia","High School",16305,0.470173814503567,"Conservative"
"195",49.5,"Nova Scotia","College",4865,0.450878881907742,"Conservative"
"196",49.5,"Nova Scotia","College",22945,0.450878881907742,"Conservative"
"197",49.5,"Nova Scotia","College",2235,0.450878881907742,"Conservative"
"198",49.5,"Nova Scotia","At or above Bachelor",17225,0.581670057468124,"Liberal"
"199",59.5,"Nova Scotia","Below high school",25940,0.424981075461697,"Conservative"
"200",59.5,"Nova Scotia","High School",36075,0.458448617807144,"Conservative"
"201",59.5,"Nova Scotia","College",18300,0.439153685211318,"Conservative"
"202",59.5,"Nova Scotia","College",33765,0.439153685211318,"Conservative"
"203",59.5,"Nova Scotia","College",4130,0.439153685211318,"Conservative"
"204",59.5,"Nova Scotia","At or above Bachelor",26860,0.569944860771701,"Liberal"
"205",59.5,"Nova Scotia","Below high school",14015,0.424981075461697,"Conservative"
"206",59.5,"Nova Scotia","High School",15730,0.458448617807144,"Conservative"
"207",59.5,"Nova Scotia","College",13330,0.439153685211318,"Conservative"
"208",59.5,"Nova Scotia","College",13140,0.439153685211318,"Conservative"
"209",59.5,"Nova Scotia","College",1435,0.439153685211318,"Conservative"
"210",59.5,"Nova Scotia","At or above Bachelor",12250,0.569944860771701,"Liberal"
"211",59.5,"Nova Scotia","Below high school",11925,0.424981075461697,"Conservative"
"212",59.5,"Nova Scotia","High School",20345,0.458448617807144,"Conservative"
"213",59.5,"Nova Scotia","College",4970,0.439153685211318,"Conservative"
"214",59.5,"Nova Scotia","College",20630,0.439153685211318,"Conservative"
"215",59.5,"Nova Scotia","College",2700,0.439153685211318,"Conservative"
"216",59.5,"Nova Scotia","At or above Bachelor",14615,0.569944860771701,"Liberal"
"217",29.5,"New Brunswick","Below high school",6320,0.460156665550968,"Conservative"
"218",29.5,"New Brunswick","High School",22020,0.493624207896415,"Conservative"
"219",29.5,"New Brunswick","College",6150,0.474329275300589,"Conservative"
"220",29.5,"New Brunswick","College",22800,0.474329275300589,"Conservative"
"221",29.5,"New Brunswick","College",975,0.474329275300589,"Conservative"
"222",29.5,"New Brunswick","At or above Bachelor",21600,0.605120450860972,"Liberal"
"223",29.5,"New Brunswick","Below high school",3895,0.460156665550968,"Conservative"
"224",29.5,"New Brunswick","High School",12840,0.493624207896415,"Conservative"
"225",29.5,"New Brunswick","College",4130,0.474329275300589,"Conservative"
"226",29.5,"New Brunswick","College",9960,0.474329275300589,"Conservative"
"227",29.5,"New Brunswick","College",395,0.474329275300589,"Conservative"
"228",29.5,"New Brunswick","At or above Bachelor",7955,0.605120450860972,"Liberal"
"229",29.5,"New Brunswick","Below high school",2430,0.460156665550968,"Conservative"
"230",29.5,"New Brunswick","High School",9180,0.493624207896415,"Conservative"
"231",29.5,"New Brunswick","College",2020,0.474329275300589,"Conservative"
"232",29.5,"New Brunswick","College",12840,0.474329275300589,"Conservative"
"233",29.5,"New Brunswick","College",575,0.474329275300589,"Conservative"
"234",29.5,"New Brunswick","At or above Bachelor",13645,0.605120450860972,"Liberal"
"235",39.5,"New Brunswick","Below high school",7790,0.448431468854544,"Conservative"
"236",39.5,"New Brunswick","High School",23750,0.481899011199991,"Conservative"
"237",39.5,"New Brunswick","College",7265,0.462604078604166,"Conservative"
"238",39.5,"New Brunswick","College",28640,0.462604078604166,"Conservative"
"239",39.5,"New Brunswick","College",1700,0.462604078604166,"Conservative"
"240",39.5,"New Brunswick","At or above Bachelor",22775,0.593395254164548,"Liberal"
"241",39.5,"New Brunswick","Below high school",4990,0.448431468854544,"Conservative"
"242",39.5,"New Brunswick","High School",12890,0.481899011199991,"Conservative"
"243",39.5,"New Brunswick","College",5090,0.462604078604166,"Conservative"
"244",39.5,"New Brunswick","College",12335,0.462604078604166,"Conservative"
"245",39.5,"New Brunswick","College",650,0.462604078604166,"Conservative"
"246",39.5,"New Brunswick","At or above Bachelor",8775,0.593395254164548,"Liberal"
"247",39.5,"New Brunswick","Below high school",2800,0.448431468854544,"Conservative"
"248",39.5,"New Brunswick","High School",10855,0.481899011199991,"Conservative"
"249",39.5,"New Brunswick","College",2175,0.462604078604166,"Conservative"
"250",39.5,"New Brunswick","College",16305,0.462604078604166,"Conservative"
"251",39.5,"New Brunswick","College",1050,0.462604078604166,"Conservative"
"252",39.5,"New Brunswick","At or above Bachelor",13995,0.593395254164548,"Liberal"
"253",49.5,"New Brunswick","Below high school",15870,0.436706272158121,"Conservative"
"254",49.5,"New Brunswick","High School",32280,0.470173814503567,"Conservative"
"255",49.5,"New Brunswick","College",11170,0.450878881907742,"Conservative"
"256",49.5,"New Brunswick","College",28710,0.450878881907742,"Conservative"
"257",49.5,"New Brunswick","College",2470,0.450878881907742,"Conservative"
"258",49.5,"New Brunswick","At or above Bachelor",20505,0.581670057468124,"Liberal"
"259",49.5,"New Brunswick","Below high school",9530,0.436706272158121,"Conservative"
"260",49.5,"New Brunswick","High School",15320,0.470173814503567,"Conservative"
"261",49.5,"New Brunswick","College",7545,0.450878881907742,"Conservative"
"262",49.5,"New Brunswick","College",11595,0.450878881907742,"Conservative"
"263",49.5,"New Brunswick","College",745,0.450878881907742,"Conservative"
"264",49.5,"New Brunswick","At or above Bachelor",8885,0.581670057468124,"Liberal"
"265",49.5,"New Brunswick","Below high school",6335,0.436706272158121,"Conservative"
"266",49.5,"New Brunswick","High School",16960,0.470173814503567,"Conservative"
"267",49.5,"New Brunswick","College",3630,0.450878881907742,"Conservative"
"268",49.5,"New Brunswick","College",17110,0.450878881907742,"Conservative"
"269",49.5,"New Brunswick","College",1720,0.450878881907742,"Conservative"
"270",49.5,"New Brunswick","At or above Bachelor",11620,0.581670057468124,"Liberal"
"271",59.5,"New Brunswick","Below high school",25655,0.424981075461697,"Conservative"
"272",59.5,"New Brunswick","High School",36285,0.458448617807144,"Conservative"
"273",59.5,"New Brunswick","College",13125,0.439153685211318,"Conservative"
"274",59.5,"New Brunswick","College",24450,0.439153685211318,"Conservative"
"275",59.5,"New Brunswick","College",2535,0.439153685211318,"Conservative"
"276",59.5,"New Brunswick","At or above Bachelor",15945,0.569944860771701,"Liberal"
"277",59.5,"New Brunswick","Below high school",13965,0.424981075461697,"Conservative"
"278",59.5,"New Brunswick","High School",15385,0.458448617807144,"Conservative"
"279",59.5,"New Brunswick","College",9575,0.439153685211318,"Conservative"
"280",59.5,"New Brunswick","College",9805,0.439153685211318,"Conservative"
"281",59.5,"New Brunswick","College",865,0.439153685211318,"Conservative"
"282",59.5,"New Brunswick","At or above Bachelor",7575,0.569944860771701,"Liberal"
"283",59.5,"New Brunswick","Below high school",11690,0.424981075461697,"Conservative"
"284",59.5,"New Brunswick","High School",20905,0.458448617807144,"Conservative"
"285",59.5,"New Brunswick","College",3555,0.439153685211318,"Conservative"
"286",59.5,"New Brunswick","College",14640,0.439153685211318,"Conservative"
"287",59.5,"New Brunswick","College",1665,0.439153685211318,"Conservative"
"288",59.5,"New Brunswick","At or above Bachelor",8365,0.569944860771701,"Liberal"
"289",29.5,"Quebec","Below high school",105635,0.460156665550968,"Conservative"
"290",29.5,"Quebec","High School",145575,0.493624207896415,"Conservative"
"291",29.5,"Quebec","College",210715,0.474329275300589,"Conservative"
"292",29.5,"Quebec","College",191435,0.474329275300589,"Conservative"
"293",29.5,"Quebec","College",31175,0.474329275300589,"Conservative"
"294",29.5,"Quebec","At or above Bachelor",320635,0.605120450860972,"Liberal"
"295",29.5,"Quebec","Below high school",65410,0.460156665550968,"Conservative"
"296",29.5,"Quebec","High School",81515,0.493624207896415,"Conservative"
"297",29.5,"Quebec","College",128180,0.474329275300589,"Conservative"
"298",29.5,"Quebec","College",83535,0.474329275300589,"Conservative"
"299",29.5,"Quebec","College",11980,0.474329275300589,"Conservative"
"300",29.5,"Quebec","At or above Bachelor",129210,0.605120450860972,"Liberal"
"301",29.5,"Quebec","Below high school",40225,0.460156665550968,"Conservative"
"302",29.5,"Quebec","High School",64065,0.493624207896415,"Conservative"
"303",29.5,"Quebec","College",82535,0.474329275300589,"Conservative"
"304",29.5,"Quebec","College",107900,0.474329275300589,"Conservative"
"305",29.5,"Quebec","College",19195,0.474329275300589,"Conservative"
"306",29.5,"Quebec","At or above Bachelor",191430,0.605120450860972,"Liberal"
"307",39.5,"Quebec","Below high school",104290,0.448431468854544,"Conservative"
"308",39.5,"Quebec","High School",146730,0.481899011199991,"Conservative"
"309",39.5,"Quebec","College",213730,0.462604078604166,"Conservative"
"310",39.5,"Quebec","College",216170,0.462604078604166,"Conservative"
"311",39.5,"Quebec","College",43305,0.462604078604166,"Conservative"
"312",39.5,"Quebec","At or above Bachelor",326725,0.593395254164548,"Liberal"
"313",39.5,"Quebec","Below high school",61410,0.448431468854544,"Conservative"
"314",39.5,"Quebec","High School",80575,0.481899011199991,"Conservative"
"315",39.5,"Quebec","College",125995,0.462604078604166,"Conservative"
"316",39.5,"Quebec","College",97685,0.462604078604166,"Conservative"
"317",39.5,"Quebec","College",17525,0.462604078604166,"Conservative"
"318",39.5,"Quebec","At or above Bachelor",139320,0.593395254164548,"Liberal"
"319",39.5,"Quebec","Below high school",42880,0.448431468854544,"Conservative"
"320",39.5,"Quebec","High School",66155,0.481899011199991,"Conservative"
"321",39.5,"Quebec","College",87735,0.462604078604166,"Conservative"
"322",39.5,"Quebec","College",118485,0.462604078604166,"Conservative"
"323",39.5,"Quebec","College",25780,0.462604078604166,"Conservative"
"324",39.5,"Quebec","At or above Bachelor",187405,0.593395254164548,"Liberal"
"325",49.5,"Quebec","Below high school",152210,0.436706272158121,"Conservative"
"326",49.5,"Quebec","High School",211305,0.470173814503567,"Conservative"
"327",49.5,"Quebec","College",231895,0.450878881907742,"Conservative"
"328",49.5,"Quebec","College",225585,0.450878881907742,"Conservative"
"329",49.5,"Quebec","College",45300,0.450878881907742,"Conservative"
"330",49.5,"Quebec","At or above Bachelor",263455,0.581670057468124,"Liberal"
"331",49.5,"Quebec","Below high school",84280,0.436706272158121,"Conservative"
"332",49.5,"Quebec","High School",102335,0.470173814503567,"Conservative"
"333",49.5,"Quebec","College",132795,0.450878881907742,"Conservative"
"334",49.5,"Quebec","College",99090,0.450878881907742,"Conservative"
"335",49.5,"Quebec","College",18615,0.450878881907742,"Conservative"
"336",49.5,"Quebec","At or above Bachelor",125125,0.581670057468124,"Liberal"
"337",49.5,"Quebec","Below high school",67925,0.436706272158121,"Conservative"
"338",49.5,"Quebec","High School",108975,0.470173814503567,"Conservative"
"339",49.5,"Quebec","College",99095,0.450878881907742,"Conservative"
"340",49.5,"Quebec","College",126495,0.450878881907742,"Conservative"
"341",49.5,"Quebec","College",26690,0.450878881907742,"Conservative"
"342",49.5,"Quebec","At or above Bachelor",138330,0.581670057468124,"Liberal"
"343",59.5,"Quebec","Below high school",218500,0.424981075461697,"Conservative"
"344",59.5,"Quebec","High School",305345,0.458448617807144,"Conservative"
"345",59.5,"Quebec","College",210255,0.439153685211318,"Conservative"
"346",59.5,"Quebec","College",199240,0.439153685211318,"Conservative"
"347",59.5,"Quebec","College",47240,0.439153685211318,"Conservative"
"348",59.5,"Quebec","At or above Bachelor",205490,0.569944860771701,"Liberal"
"349",59.5,"Quebec","Below high school",112780,0.424981075461697,"Conservative"
"350",59.5,"Quebec","High School",132210,0.458448617807144,"Conservative"
"351",59.5,"Quebec","College",126605,0.439153685211318,"Conservative"
"352",59.5,"Quebec","College",86875,0.439153685211318,"Conservative"
"353",59.5,"Quebec","College",19410,0.439153685211318,"Conservative"
"354",59.5,"Quebec","At or above Bachelor",105365,0.569944860771701,"Liberal"
"355",59.5,"Quebec","Below high school",105715,0.424981075461697,"Conservative"
"356",59.5,"Quebec","High School",173140,0.458448617807144,"Conservative"
"357",59.5,"Quebec","College",83655,0.439153685211318,"Conservative"
"358",59.5,"Quebec","College",112365,0.439153685211318,"Conservative"
"359",59.5,"Quebec","College",27830,0.439153685211318,"Conservative"
"360",59.5,"Quebec","At or above Bachelor",100120,0.569944860771701,"Liberal"
"361",29.5,"Ontario","Below high school",132375,0.460156665550968,"Conservative"
"362",29.5,"Ontario","High School",377025,0.493624207896415,"Conservative"
"363",29.5,"Ontario","College",80430,0.474329275300589,"Conservative"
"364",29.5,"Ontario","College",427680,0.474329275300589,"Conservative"
"365",29.5,"Ontario","College",35355,0.474329275300589,"Conservative"
"366",29.5,"Ontario","At or above Bachelor",675125,0.605120450860972,"Liberal"
"367",29.5,"Ontario","Below high school",76690,0.460156665550968,"Conservative"
"368",29.5,"Ontario","High School",221190,0.493624207896415,"Conservative"
"369",29.5,"Ontario","College",57880,0.474329275300589,"Conservative"
"370",29.5,"Ontario","College",194880,0.474329275300589,"Conservative"
"371",29.5,"Ontario","College",16090,0.474329275300589,"Conservative"
"372",29.5,"Ontario","At or above Bachelor",281395,0.605120450860972,"Liberal"
"373",29.5,"Ontario","Below high school",55685,0.460156665550968,"Conservative"
"374",29.5,"Ontario","High School",155840,0.493624207896415,"Conservative"
"375",29.5,"Ontario","College",22550,0.474329275300589,"Conservative"
"376",29.5,"Ontario","College",232805,0.474329275300589,"Conservative"
"377",29.5,"Ontario","College",19265,0.474329275300589,"Conservative"
"378",29.5,"Ontario","At or above Bachelor",393730,0.605120450860972,"Liberal"
"379",39.5,"Ontario","Below high school",135315,0.448431468854544,"Conservative"
"380",39.5,"Ontario","High School",367680,0.481899011199991,"Conservative"
"381",39.5,"Ontario","College",92440,0.462604078604166,"Conservative"
"382",39.5,"Ontario","College",438830,0.462604078604166,"Conservative"
"383",39.5,"Ontario","College",41855,0.462604078604166,"Conservative"
"384",39.5,"Ontario","At or above Bachelor",627335,0.593395254164548,"Liberal"
"385",39.5,"Ontario","Below high school",74185,0.448431468854544,"Conservative"
"386",39.5,"Ontario","High School",200580,0.481899011199991,"Conservative"
"387",39.5,"Ontario","College",63780,0.462604078604166,"Conservative"
"388",39.5,"Ontario","College",187215,0.462604078604166,"Conservative"
"389",39.5,"Ontario","College",17645,0.462604078604166,"Conservative"
"390",39.5,"Ontario","At or above Bachelor",269630,0.593395254164548,"Liberal"
"391",39.5,"Ontario","Below high school",61130,0.448431468854544,"Conservative"
"392",39.5,"Ontario","High School",167105,0.481899011199991,"Conservative"
"393",39.5,"Ontario","College",28665,0.462604078604166,"Conservative"
"394",39.5,"Ontario","College",251610,0.462604078604166,"Conservative"
"395",39.5,"Ontario","College",24205,0.462604078604166,"Conservative"
"396",39.5,"Ontario","At or above Bachelor",357705,0.593395254164548,"Liberal"
"397",49.5,"Ontario","Below high school",210055,0.436706272158121,"Conservative"
"398",49.5,"Ontario","High School",498690,0.470173814503567,"Conservative"
"399",49.5,"Ontario","College",133780,0.450878881907742,"Conservative"
"400",49.5,"Ontario","College",500730,0.450878881907742,"Conservative"
"401",49.5,"Ontario","College",50735,0.450878881907742,"Conservative"
"402",49.5,"Ontario","At or above Bachelor",585115,0.581670057468124,"Liberal"
"403",49.5,"Ontario","Below high school",113985,0.436706272158121,"Conservative"
"404",49.5,"Ontario","High School",243260,0.470173814503567,"Conservative"
"405",49.5,"Ontario","College",93085,0.450878881907742,"Conservative"
"406",49.5,"Ontario","College",207030,0.450878881907742,"Conservative"
"407",49.5,"Ontario","College",22225,0.450878881907742,"Conservative"
"408",49.5,"Ontario","At or above Bachelor",279580,0.581670057468124,"Liberal"
"409",49.5,"Ontario","Below high school",96070,0.436706272158121,"Conservative"
"410",49.5,"Ontario","High School",255435,0.470173814503567,"Conservative"
"411",49.5,"Ontario","College",40690,0.450878881907742,"Conservative"
"412",49.5,"Ontario","College",293700,0.450878881907742,"Conservative"
"413",49.5,"Ontario","College",28515,0.450878881907742,"Conservative"
"414",49.5,"Ontario","At or above Bachelor",305535,0.581670057468124,"Liberal"
"415",59.5,"Ontario","Below high school",275250,0.424981075461697,"Conservative"
"416",59.5,"Ontario","High School",525555,0.458448617807144,"Conservative"
"417",59.5,"Ontario","College",139745,0.439153685211318,"Conservative"
"418",59.5,"Ontario","College",415285,0.439153685211318,"Conservative"
"419",59.5,"Ontario","College",42980,0.439153685211318,"Conservative"
"420",59.5,"Ontario","At or above Bachelor",419740,0.569944860771701,"Liberal"
"421",59.5,"Ontario","Below high school",139910,0.424981075461697,"Conservative"
"422",59.5,"Ontario","High School",229995,0.458448617807144,"Conservative"
"423",59.5,"Ontario","College",101235,0.439153685211318,"Conservative"
"424",59.5,"Ontario","College",173380,0.439153685211318,"Conservative"
"425",59.5,"Ontario","College",19975,0.439153685211318,"Conservative"
"426",59.5,"Ontario","At or above Bachelor",213820,0.569944860771701,"Liberal"
"427",59.5,"Ontario","Below high school",135345,0.424981075461697,"Conservative"
"428",59.5,"Ontario","High School",295565,0.458448617807144,"Conservative"
"429",59.5,"Ontario","College",38510,0.439153685211318,"Conservative"
"430",59.5,"Ontario","College",241910,0.439153685211318,"Conservative"
"431",59.5,"Ontario","College",23005,0.439153685211318,"Conservative"
"432",59.5,"Ontario","At or above Bachelor",205925,0.569944860771701,"Liberal"
"433",29.5,"Manitoba","Below high school",20395,0.460156665550968,"Conservative"
"434",29.5,"Manitoba","High School",48965,0.493624207896415,"Conservative"
"435",29.5,"Manitoba","College",11905,0.474329275300589,"Conservative"
"436",29.5,"Manitoba","College",31640,0.474329275300589,"Conservative"
"437",29.5,"Manitoba","College",4100,0.474329275300589,"Conservative"
"438",29.5,"Manitoba","At or above Bachelor",51615,0.605120450860972,"Liberal"
"439",29.5,"Manitoba","Below high school",12075,0.460156665550968,"Conservative"
"440",29.5,"Manitoba","High School",27250,0.493624207896415,"Conservative"
"441",29.5,"Manitoba","College",8525,0.474329275300589,"Conservative"
"442",29.5,"Manitoba","College",13500,0.474329275300589,"Conservative"
"443",29.5,"Manitoba","College",1790,0.474329275300589,"Conservative"
"444",29.5,"Manitoba","At or above Bachelor",20570,0.605120450860972,"Liberal"
"445",29.5,"Manitoba","Below high school",8320,0.460156665550968,"Conservative"
"446",29.5,"Manitoba","High School",21710,0.493624207896415,"Conservative"
"447",29.5,"Manitoba","College",3375,0.474329275300589,"Conservative"
"448",29.5,"Manitoba","College",18140,0.474329275300589,"Conservative"
"449",29.5,"Manitoba","College",2305,0.474329275300589,"Conservative"
"450",29.5,"Manitoba","At or above Bachelor",31045,0.605120450860972,"Liberal"
"451",39.5,"Manitoba","Below high school",18120,0.448431468854544,"Conservative"
"452",39.5,"Manitoba","High School",40590,0.481899011199991,"Conservative"
"453",39.5,"Manitoba","College",12565,0.462604078604166,"Conservative"
"454",39.5,"Manitoba","College",35275,0.462604078604166,"Conservative"
"455",39.5,"Manitoba","College",4810,0.462604078604166,"Conservative"
"456",39.5,"Manitoba","At or above Bachelor",46460,0.593395254164548,"Liberal"
"457",39.5,"Manitoba","Below high school",10470,0.448431468854544,"Conservative"
"458",39.5,"Manitoba","High School",21890,0.481899011199991,"Conservative"
"459",39.5,"Manitoba","College",8820,0.462604078604166,"Conservative"
"460",39.5,"Manitoba","College",14690,0.462604078604166,"Conservative"
"461",39.5,"Manitoba","College",2210,0.462604078604166,"Conservative"
"462",39.5,"Manitoba","At or above Bachelor",19380,0.593395254164548,"Liberal"
"463",39.5,"Manitoba","Below high school",7650,0.448431468854544,"Conservative"
"464",39.5,"Manitoba","High School",18705,0.481899011199991,"Conservative"
"465",39.5,"Manitoba","College",3740,0.462604078604166,"Conservative"
"466",39.5,"Manitoba","College",20590,0.462604078604166,"Conservative"
"467",39.5,"Manitoba","College",2605,0.462604078604166,"Conservative"
"468",39.5,"Manitoba","At or above Bachelor",27085,0.593395254164548,"Liberal"
"469",49.5,"Manitoba","Below high school",24640,0.436706272158121,"Conservative"
"470",49.5,"Manitoba","High School",45500,0.470173814503567,"Conservative"
"471",49.5,"Manitoba","College",14650,0.450878881907742,"Conservative"
"472",49.5,"Manitoba","College",37640,0.450878881907742,"Conservative"
"473",49.5,"Manitoba","College",6295,0.450878881907742,"Conservative"
"474",49.5,"Manitoba","At or above Bachelor",37615,0.581670057468124,"Liberal"
"475",49.5,"Manitoba","Below high school",14390,0.436706272158121,"Conservative"
"476",49.5,"Manitoba","High School",22350,0.470173814503567,"Conservative"
"477",49.5,"Manitoba","College",10070,0.450878881907742,"Conservative"
"478",49.5,"Manitoba","College",15585,0.450878881907742,"Conservative"
"479",49.5,"Manitoba","College",2605,0.450878881907742,"Conservative"
"480",49.5,"Manitoba","At or above Bachelor",17260,0.581670057468124,"Liberal"
"481",49.5,"Manitoba","Below high school",10250,0.436706272158121,"Conservative"
"482",49.5,"Manitoba","High School",23150,0.470173814503567,"Conservative"
"483",49.5,"Manitoba","College",4580,0.450878881907742,"Conservative"
"484",49.5,"Manitoba","College",22060,0.450878881907742,"Conservative"
"485",49.5,"Manitoba","College",3690,0.450878881907742,"Conservative"
"486",49.5,"Manitoba","At or above Bachelor",20350,0.581670057468124,"Liberal"
"487",59.5,"Manitoba","Below high school",31155,0.424981075461697,"Conservative"
"488",59.5,"Manitoba","High School",47270,0.458448617807144,"Conservative"
"489",59.5,"Manitoba","College",14685,0.439153685211318,"Conservative"
"490",59.5,"Manitoba","College",33370,0.439153685211318,"Conservative"
"491",59.5,"Manitoba","College",6010,0.439153685211318,"Conservative"
"492",59.5,"Manitoba","At or above Bachelor",29390,0.569944860771701,"Liberal"
"493",59.5,"Manitoba","Below high school",17765,0.424981075461697,"Conservative"
"494",59.5,"Manitoba","High School",21510,0.458448617807144,"Conservative"
"495",59.5,"Manitoba","College",10770,0.439153685211318,"Conservative"
"496",59.5,"Manitoba","College",13670,0.439153685211318,"Conservative"
"497",59.5,"Manitoba","College",2390,0.439153685211318,"Conservative"
"498",59.5,"Manitoba","At or above Bachelor",13760,0.569944860771701,"Liberal"
"499",59.5,"Manitoba","Below high school",13385,0.424981075461697,"Conservative"
"500",59.5,"Manitoba","High School",25760,0.458448617807144,"Conservative"
"501",59.5,"Manitoba","College",3915,0.439153685211318,"Conservative"
"502",59.5,"Manitoba","College",19700,0.439153685211318,"Conservative"
"503",59.5,"Manitoba","College",3615,0.439153685211318,"Conservative"
"504",59.5,"Manitoba","At or above Bachelor",15635,0.569944860771701,"Liberal"
"505",29.5,"Saskatchewan","Below high school",14985,0.460156665550968,"Conservative"
"506",29.5,"Saskatchewan","High School",45325,0.493624207896415,"Conservative"
"507",29.5,"Saskatchewan","College",16585,0.474329275300589,"Conservative"
"508",29.5,"Saskatchewan","College",27840,0.474329275300589,"Conservative"
"509",29.5,"Saskatchewan","College",3760,0.474329275300589,"Conservative"
"510",29.5,"Saskatchewan","At or above Bachelor",44175,0.605120450860972,"Liberal"
"511",29.5,"Saskatchewan","Below high school",8870,0.460156665550968,"Conservative"
"512",29.5,"Saskatchewan","High School",25725,0.493624207896415,"Conservative"
"513",29.5,"Saskatchewan","College",12435,0.474329275300589,"Conservative"
"514",29.5,"Saskatchewan","College",10555,0.474329275300589,"Conservative"
"515",29.5,"Saskatchewan","College",1530,0.474329275300589,"Conservative"
"516",29.5,"Saskatchewan","At or above Bachelor",17585,0.605120450860972,"Liberal"
"517",29.5,"Saskatchewan","Below high school",6115,0.460156665550968,"Conservative"
"518",29.5,"Saskatchewan","High School",19600,0.493624207896415,"Conservative"
"519",29.5,"Saskatchewan","College",4155,0.474329275300589,"Conservative"
"520",29.5,"Saskatchewan","College",17285,0.474329275300589,"Conservative"
"521",29.5,"Saskatchewan","College",2230,0.474329275300589,"Conservative"
"522",29.5,"Saskatchewan","At or above Bachelor",26590,0.605120450860972,"Liberal"
"523",39.5,"Saskatchewan","Below high school",12605,0.448431468854544,"Conservative"
"524",39.5,"Saskatchewan","High School",37085,0.481899011199991,"Conservative"
"525",39.5,"Saskatchewan","College",15685,0.462604078604166,"Conservative"
"526",39.5,"Saskatchewan","College",29090,0.462604078604166,"Conservative"
"527",39.5,"Saskatchewan","College",4305,0.462604078604166,"Conservative"
"528",39.5,"Saskatchewan","At or above Bachelor",35930,0.593395254164548,"Liberal"
"529",39.5,"Saskatchewan","Below high school",7700,0.448431468854544,"Conservative"
"530",39.5,"Saskatchewan","High School",20640,0.481899011199991,"Conservative"
"531",39.5,"Saskatchewan","College",11355,0.462604078604166,"Conservative"
"532",39.5,"Saskatchewan","College",10815,0.462604078604166,"Conservative"
"533",39.5,"Saskatchewan","College",1735,0.462604078604166,"Conservative"
"534",39.5,"Saskatchewan","At or above Bachelor",15040,0.593395254164548,"Liberal"
"535",39.5,"Saskatchewan","Below high school",4905,0.448431468854544,"Conservative"
"536",39.5,"Saskatchewan","High School",16445,0.481899011199991,"Conservative"
"537",39.5,"Saskatchewan","College",4330,0.462604078604166,"Conservative"
"538",39.5,"Saskatchewan","College",18275,0.462604078604166,"Conservative"
"539",39.5,"Saskatchewan","College",2570,0.462604078604166,"Conservative"
"540",39.5,"Saskatchewan","At or above Bachelor",20885,0.593395254164548,"Liberal"
"541",49.5,"Saskatchewan","Below high school",18275,0.436706272158121,"Conservative"
"542",49.5,"Saskatchewan","High School",39625,0.470173814503567,"Conservative"
"543",49.5,"Saskatchewan","College",16795,0.450878881907742,"Conservative"
"544",49.5,"Saskatchewan","College",30450,0.450878881907742,"Conservative"
"545",49.5,"Saskatchewan","College",5285,0.450878881907742,"Conservative"
"546",49.5,"Saskatchewan","At or above Bachelor",26375,0.581670057468124,"Liberal"
"547",49.5,"Saskatchewan","Below high school",11155,0.436706272158121,"Conservative"
"548",49.5,"Saskatchewan","High School",20680,0.470173814503567,"Conservative"
"549",49.5,"Saskatchewan","College",11685,0.450878881907742,"Conservative"
"550",49.5,"Saskatchewan","College",10335,0.450878881907742,"Conservative"
"551",49.5,"Saskatchewan","College",2020,0.450878881907742,"Conservative"
"552",49.5,"Saskatchewan","At or above Bachelor",11990,0.581670057468124,"Liberal"
"553",49.5,"Saskatchewan","Below high school",7125,0.436706272158121,"Conservative"
"554",49.5,"Saskatchewan","High School",18940,0.470173814503567,"Conservative"
"555",49.5,"Saskatchewan","College",5110,0.450878881907742,"Conservative"
"556",49.5,"Saskatchewan","College",20120,0.450878881907742,"Conservative"
"557",49.5,"Saskatchewan","College",3265,0.450878881907742,"Conservative"
"558",49.5,"Saskatchewan","At or above Bachelor",14390,0.581670057468124,"Liberal"
"559",59.5,"Saskatchewan","Below high school",23330,0.424981075461697,"Conservative"
"560",59.5,"Saskatchewan","High School",46005,0.458448617807144,"Conservative"
"561",59.5,"Saskatchewan","College",17895,0.439153685211318,"Conservative"
"562",59.5,"Saskatchewan","College",27700,0.439153685211318,"Conservative"
"563",59.5,"Saskatchewan","College",6030,0.439153685211318,"Conservative"
"564",59.5,"Saskatchewan","At or above Bachelor",21100,0.569944860771701,"Liberal"
"565",59.5,"Saskatchewan","Below high school",14320,0.424981075461697,"Conservative"
"566",59.5,"Saskatchewan","High School",21480,0.458448617807144,"Conservative"
"567",59.5,"Saskatchewan","College",13410,0.439153685211318,"Conservative"
"568",59.5,"Saskatchewan","College",9380,0.439153685211318,"Conservative"
"569",59.5,"Saskatchewan","College",2490,0.439153685211318,"Conservative"
"570",59.5,"Saskatchewan","At or above Bachelor",9575,0.569944860771701,"Liberal"
"571",59.5,"Saskatchewan","Below high school",9010,0.424981075461697,"Conservative"
"572",59.5,"Saskatchewan","High School",24525,0.458448617807144,"Conservative"
"573",59.5,"Saskatchewan","College",4480,0.439153685211318,"Conservative"
"574",59.5,"Saskatchewan","College",18320,0.439153685211318,"Conservative"
"575",59.5,"Saskatchewan","College",3535,0.439153685211318,"Conservative"
"576",59.5,"Saskatchewan","At or above Bachelor",11525,0.569944860771701,"Liberal"
"577",29.5,"Alberta","Below high school",59275,0.460156665550968,"Conservative"
"578",29.5,"Alberta","High School",162180,0.493624207896415,"Conservative"
"579",29.5,"Alberta","College",62525,0.474329275300589,"Conservative"
"580",29.5,"Alberta","College",125885,0.474329275300589,"Conservative"
"581",29.5,"Alberta","College",20010,0.474329275300589,"Conservative"
"582",29.5,"Alberta","At or above Bachelor",206030,0.605120450860972,"Liberal"
"583",29.5,"Alberta","Below high school",33665,0.460156665550968,"Conservative"
"584",29.5,"Alberta","High School",89560,0.493624207896415,"Conservative"
"585",29.5,"Alberta","College",49935,0.474329275300589,"Conservative"
"586",29.5,"Alberta","College",51715,0.474329275300589,"Conservative"
"587",29.5,"Alberta","College",7680,0.474329275300589,"Conservative"
"588",29.5,"Alberta","At or above Bachelor",86270,0.605120450860972,"Liberal"
"589",29.5,"Alberta","Below high school",25605,0.460156665550968,"Conservative"
"590",29.5,"Alberta","High School",72620,0.493624207896415,"Conservative"
"591",29.5,"Alberta","College",12595,0.474329275300589,"Conservative"
"592",29.5,"Alberta","College",74170,0.474329275300589,"Conservative"
"593",29.5,"Alberta","College",12330,0.474329275300589,"Conservative"
"594",29.5,"Alberta","At or above Bachelor",119760,0.605120450860972,"Liberal"
"595",39.5,"Alberta","Below high school",52915,0.448431468854544,"Conservative"
"596",39.5,"Alberta","High School",130365,0.481899011199991,"Conservative"
"597",39.5,"Alberta","College",57490,0.462604078604166,"Conservative"
"598",39.5,"Alberta","College",131450,0.462604078604166,"Conservative"
"599",39.5,"Alberta","College",19975,0.462604078604166,"Conservative"
"600",39.5,"Alberta","At or above Bachelor",188170,0.593395254164548,"Liberal"
"601",39.5,"Alberta","Below high school",29680,0.448431468854544,"Conservative"
"602",39.5,"Alberta","High School",69665,0.481899011199991,"Conservative"
"603",39.5,"Alberta","College",45595,0.462604078604166,"Conservative"
"604",39.5,"Alberta","College",55210,0.462604078604166,"Conservative"
"605",39.5,"Alberta","College",8485,0.462604078604166,"Conservative"
"606",39.5,"Alberta","At or above Bachelor",82350,0.593395254164548,"Liberal"
"607",39.5,"Alberta","Below high school",23235,0.448431468854544,"Conservative"
"608",39.5,"Alberta","High School",60700,0.481899011199991,"Conservative"
"609",39.5,"Alberta","College",11895,0.462604078604166,"Conservative"
"610",39.5,"Alberta","College",76245,0.462604078604166,"Conservative"
"611",39.5,"Alberta","College",11490,0.462604078604166,"Conservative"
"612",39.5,"Alberta","At or above Bachelor",105815,0.593395254164548,"Liberal"
"613",49.5,"Alberta","Below high school",62090,0.436706272158121,"Conservative"
"614",49.5,"Alberta","High School",137480,0.470173814503567,"Conservative"
"615",49.5,"Alberta","College",58605,0.450878881907742,"Conservative"
"616",49.5,"Alberta","College",130985,0.450878881907742,"Conservative"
"617",49.5,"Alberta","College",18330,0.450878881907742,"Conservative"
"618",49.5,"Alberta","At or above Bachelor",139445,0.581670057468124,"Liberal"
"619",49.5,"Alberta","Below high school",34825,0.436706272158121,"Conservative"
"620",49.5,"Alberta","High School",65395,0.470173814503567,"Conservative"
"621",49.5,"Alberta","College",45270,0.450878881907742,"Conservative"
"622",49.5,"Alberta","College",52835,0.450878881907742,"Conservative"
"623",49.5,"Alberta","College",7135,0.450878881907742,"Conservative"
"624",49.5,"Alberta","At or above Bachelor",68395,0.581670057468124,"Liberal"
"625",49.5,"Alberta","Below high school",27260,0.436706272158121,"Conservative"
"626",49.5,"Alberta","High School",72080,0.470173814503567,"Conservative"
"627",49.5,"Alberta","College",13335,0.450878881907742,"Conservative"
"628",49.5,"Alberta","College",78155,0.450878881907742,"Conservative"
"629",49.5,"Alberta","College",11200,0.450878881907742,"Conservative"
"630",49.5,"Alberta","At or above Bachelor",71050,0.581670057468124,"Liberal"
"631",59.5,"Alberta","Below high school",70480,0.424981075461697,"Conservative"
"632",59.5,"Alberta","High School",139410,0.458448617807144,"Conservative"
"633",59.5,"Alberta","College",59595,0.439153685211318,"Conservative"
"634",59.5,"Alberta","College",108050,0.439153685211318,"Conservative"
"635",59.5,"Alberta","College",14990,0.439153685211318,"Conservative"
"636",59.5,"Alberta","At or above Bachelor",102090,0.569944860771701,"Liberal"
"637",59.5,"Alberta","Below high school",37910,0.424981075461697,"Conservative"
"638",59.5,"Alberta","High School",58670,0.458448617807144,"Conservative"
"639",59.5,"Alberta","College",48385,0.439153685211318,"Conservative"
"640",59.5,"Alberta","College",43595,0.439153685211318,"Conservative"
"641",59.5,"Alberta","College",6010,0.439153685211318,"Conservative"
"642",59.5,"Alberta","At or above Bachelor",52795,0.569944860771701,"Liberal"
"643",59.5,"Alberta","Below high school",32565,0.424981075461697,"Conservative"
"644",59.5,"Alberta","High School",80745,0.458448617807144,"Conservative"
"645",59.5,"Alberta","College",11210,0.439153685211318,"Conservative"
"646",59.5,"Alberta","College",64455,0.439153685211318,"Conservative"
"647",59.5,"Alberta","College",8985,0.439153685211318,"Conservative"
"648",59.5,"Alberta","At or above Bachelor",49290,0.569944860771701,"Liberal"
"649",29.5,"British Columbia","Below high school",41760,0.460156665550968,"Conservative"
"650",29.5,"British Columbia","High School",160025,0.493624207896415,"Conservative"
"651",29.5,"British Columbia","College",51720,0.474329275300589,"Conservative"
"652",29.5,"British Columbia","College",110960,0.474329275300589,"Conservative"
"653",29.5,"British Columbia","College",26490,0.474329275300589,"Conservative"
"654",29.5,"British Columbia","At or above Bachelor",220115,0.605120450860972,"Liberal"
"655",29.5,"British Columbia","Below high school",24480,0.460156665550968,"Conservative"
"656",29.5,"British Columbia","High School",90195,0.493624207896415,"Conservative"
"657",29.5,"British Columbia","College",38685,0.474329275300589,"Conservative"
"658",29.5,"British Columbia","College",46565,0.474329275300589,"Conservative"
"659",29.5,"British Columbia","College",11030,0.474329275300589,"Conservative"
"660",29.5,"British Columbia","At or above Bachelor",92565,0.605120450860972,"Liberal"
"661",29.5,"British Columbia","Below high school",17275,0.460156665550968,"Conservative"
"662",29.5,"British Columbia","High School",69830,0.493624207896415,"Conservative"
"663",29.5,"British Columbia","College",13030,0.474329275300589,"Conservative"
"664",29.5,"British Columbia","College",64400,0.474329275300589,"Conservative"
"665",29.5,"British Columbia","College",15460,0.474329275300589,"Conservative"
"666",29.5,"British Columbia","At or above Bachelor",127550,0.605120450860972,"Liberal"
"667",39.5,"British Columbia","Below high school",44510,0.448431468854544,"Conservative"
"668",39.5,"British Columbia","High School",137270,0.481899011199991,"Conservative"
"669",39.5,"British Columbia","College",48455,0.462604078604166,"Conservative"
"670",39.5,"British Columbia","College",125835,0.462604078604166,"Conservative"
"671",39.5,"British Columbia","College",24735,0.462604078604166,"Conservative"
"672",39.5,"British Columbia","At or above Bachelor",202240,0.593395254164548,"Liberal"
"673",39.5,"British Columbia","Below high school",25250,0.448431468854544,"Conservative"
"674",39.5,"British Columbia","High School",73520,0.481899011199991,"Conservative"
"675",39.5,"British Columbia","College",35630,0.462604078604166,"Conservative"
"676",39.5,"British Columbia","College",50950,0.462604078604166,"Conservative"
"677",39.5,"British Columbia","College",9815,0.462604078604166,"Conservative"
"678",39.5,"British Columbia","At or above Bachelor",85790,0.593395254164548,"Liberal"
"679",39.5,"British Columbia","Below high school",19255,0.448431468854544,"Conservative"
"680",39.5,"British Columbia","High School",63755,0.481899011199991,"Conservative"
"681",39.5,"British Columbia","College",12830,0.462604078604166,"Conservative"
"682",39.5,"British Columbia","College",74885,0.462604078604166,"Conservative"
"683",39.5,"British Columbia","College",14920,0.462604078604166,"Conservative"
"684",39.5,"British Columbia","At or above Bachelor",116440,0.593395254164548,"Liberal"
"685",49.5,"British Columbia","Below high school",67420,0.436706272158121,"Conservative"
"686",49.5,"British Columbia","High School",175775,0.470173814503567,"Conservative"
"687",49.5,"British Columbia","College",61710,0.450878881907742,"Conservative"
"688",49.5,"British Columbia","College",149310,0.450878881907742,"Conservative"
"689",49.5,"British Columbia","College",26180,0.450878881907742,"Conservative"
"690",49.5,"British Columbia","At or above Bachelor",188555,0.581670057468124,"Liberal"
"691",49.5,"British Columbia","Below high school",37380,0.436706272158121,"Conservative"
"692",49.5,"British Columbia","High School",83170,0.470173814503567,"Conservative"
"693",49.5,"British Columbia","College",44735,0.450878881907742,"Conservative"
"694",49.5,"British Columbia","College",57485,0.450878881907742,"Conservative"
"695",49.5,"British Columbia","College",9785,0.450878881907742,"Conservative"
"696",49.5,"British Columbia","At or above Bachelor",88640,0.581670057468124,"Liberal"
"697",49.5,"British Columbia","Below high school",30035,0.436706272158121,"Conservative"
"698",49.5,"British Columbia","High School",92595,0.470173814503567,"Conservative"
"699",49.5,"British Columbia","College",16975,0.450878881907742,"Conservative"
"700",49.5,"British Columbia","College",91830,0.450878881907742,"Conservative"
"701",49.5,"British Columbia","College",16400,0.450878881907742,"Conservative"
"702",49.5,"British Columbia","At or above Bachelor",99915,0.581670057468124,"Liberal"
"703",59.5,"British Columbia","Below high school",90320,0.424981075461697,"Conservative"
"704",59.5,"British Columbia","High School",197945,0.458448617807144,"Conservative"
"705",59.5,"British Columbia","College",69560,0.439153685211318,"Conservative"
"706",59.5,"British Columbia","College",142700,0.439153685211318,"Conservative"
"707",59.5,"British Columbia","College",22290,0.439153685211318,"Conservative"
"708",59.5,"British Columbia","At or above Bachelor",147105,0.569944860771701,"Liberal"
"709",59.5,"British Columbia","Below high school",47300,0.424981075461697,"Conservative"
"710",59.5,"British Columbia","High School",83950,0.458448617807144,"Conservative"
"711",59.5,"British Columbia","College",53235,0.439153685211318,"Conservative"
"712",59.5,"British Columbia","College",55885,0.439153685211318,"Conservative"
"713",59.5,"British Columbia","College",8585,0.439153685211318,"Conservative"
"714",59.5,"British Columbia","At or above Bachelor",72410,0.569944860771701,"Liberal"
"715",59.5,"British Columbia","Below high school",43025,0.424981075461697,"Conservative"
"716",59.5,"British Columbia","High School",113995,0.458448617807144,"Conservative"
"717",59.5,"British Columbia","College",16325,0.439153685211318,"Conservative"
"718",59.5,"British Columbia","College",86810,0.439153685211318,"Conservative"
"719",59.5,"British Columbia","College",13710,0.439153685211318,"Conservative"
"720",59.5,"British Columbia","At or above Bachelor",74695,0.569944860771701,"Liberal"
"721",29.5,"Yukon","Below high school",505,0.460156665550968,"Conservative"
"722",29.5,"Yukon","High School",1285,0.493624207896415,"Conservative"
"723",29.5,"Yukon","College",530,0.474329275300589,"Conservative"
"724",29.5,"Yukon","College",1160,0.474329275300589,"Conservative"
"725",29.5,"Yukon","College",135,0.474329275300589,"Conservative"
"726",29.5,"Yukon","At or above Bachelor",1740,0.605120450860972,"Liberal"
"727",29.5,"Yukon","Below high school",315,0.460156665550968,"Conservative"
"728",29.5,"Yukon","High School",640,0.493624207896415,"Conservative"
"729",29.5,"Yukon","College",420,0.474329275300589,"Conservative"
"730",29.5,"Yukon","College",490,0.474329275300589,"Conservative"
"731",29.5,"Yukon","College",55,0.474329275300589,"Conservative"
"732",29.5,"Yukon","At or above Bachelor",640,0.605120450860972,"Liberal"
"733",29.5,"Yukon","Below high school",195,0.460156665550968,"Conservative"
"734",29.5,"Yukon","High School",650,0.493624207896415,"Conservative"
"735",29.5,"Yukon","College",110,0.474329275300589,"Conservative"
"736",29.5,"Yukon","College",675,0.474329275300589,"Conservative"
"737",29.5,"Yukon","College",80,0.474329275300589,"Conservative"
"738",29.5,"Yukon","At or above Bachelor",1095,0.605120450860972,"Liberal"
"739",39.5,"Yukon","Below high school",365,0.448431468854544,"Conservative"
"740",39.5,"Yukon","High School",865,0.481899011199991,"Conservative"
"741",39.5,"Yukon","College",495,0.462604078604166,"Conservative"
"742",39.5,"Yukon","College",1255,0.462604078604166,"Conservative"
"743",39.5,"Yukon","College",185,0.462604078604166,"Conservative"
"744",39.5,"Yukon","At or above Bachelor",1860,0.593395254164548,"Liberal"
"745",39.5,"Yukon","Below high school",215,0.448431468854544,"Conservative"
"746",39.5,"Yukon","High School",450,0.481899011199991,"Conservative"
"747",39.5,"Yukon","College",360,0.462604078604166,"Conservative"
"748",39.5,"Yukon","College",490,0.462604078604166,"Conservative"
"749",39.5,"Yukon","College",80,0.462604078604166,"Conservative"
"750",39.5,"Yukon","At or above Bachelor",740,0.593395254164548,"Liberal"
"751",39.5,"Yukon","Below high school",150,0.448431468854544,"Conservative"
"752",39.5,"Yukon","High School",415,0.481899011199991,"Conservative"
"753",39.5,"Yukon","College",135,0.462604078604166,"Conservative"
"754",39.5,"Yukon","College",765,0.462604078604166,"Conservative"
"755",39.5,"Yukon","College",105,0.462604078604166,"Conservative"
"756",39.5,"Yukon","At or above Bachelor",1120,0.593395254164548,"Liberal"
"757",49.5,"Yukon","Below high school",640,0.436706272158121,"Conservative"
"758",49.5,"Yukon","High School",1140,0.470173814503567,"Conservative"
"759",49.5,"Yukon","College",580,0.450878881907742,"Conservative"
"760",49.5,"Yukon","College",1300,0.450878881907742,"Conservative"
"761",49.5,"Yukon","College",170,0.450878881907742,"Conservative"
"762",49.5,"Yukon","At or above Bachelor",1400,0.581670057468124,"Liberal"
"763",49.5,"Yukon","Below high school",415,0.436706272158121,"Conservative"
"764",49.5,"Yukon","High School",565,0.470173814503567,"Conservative"
"765",49.5,"Yukon","College",445,0.450878881907742,"Conservative"
"766",49.5,"Yukon","College",470,0.450878881907742,"Conservative"
"767",49.5,"Yukon","College",65,0.450878881907742,"Conservative"
"768",49.5,"Yukon","At or above Bachelor",600,0.581670057468124,"Liberal"
"769",49.5,"Yukon","Below high school",230,0.436706272158121,"Conservative"
"770",49.5,"Yukon","High School",570,0.470173814503567,"Conservative"
"771",49.5,"Yukon","College",135,0.450878881907742,"Conservative"
"772",49.5,"Yukon","College",825,0.450878881907742,"Conservative"
"773",49.5,"Yukon","College",105,0.450878881907742,"Conservative"
"774",49.5,"Yukon","At or above Bachelor",805,0.581670057468124,"Liberal"
"775",59.5,"Yukon","Below high school",740,0.424981075461697,"Conservative"
"776",59.5,"Yukon","High School",1120,0.458448617807144,"Conservative"
"777",59.5,"Yukon","College",790,0.439153685211318,"Conservative"
"778",59.5,"Yukon","College",1260,0.439153685211318,"Conservative"
"779",59.5,"Yukon","College",180,0.439153685211318,"Conservative"
"780",59.5,"Yukon","At or above Bachelor",1335,0.569944860771701,"Liberal"
"781",59.5,"Yukon","Below high school",450,0.424981075461697,"Conservative"
"782",59.5,"Yukon","High School",415,0.458448617807144,"Conservative"
"783",59.5,"Yukon","College",655,0.439153685211318,"Conservative"
"784",59.5,"Yukon","College",570,0.439153685211318,"Conservative"
"785",59.5,"Yukon","College",55,0.439153685211318,"Conservative"
"786",59.5,"Yukon","At or above Bachelor",595,0.569944860771701,"Liberal"
"787",59.5,"Yukon","Below high school",285,0.424981075461697,"Conservative"
"788",59.5,"Yukon","High School",705,0.458448617807144,"Conservative"
"789",59.5,"Yukon","College",135,0.439153685211318,"Conservative"
"790",59.5,"Yukon","College",690,0.439153685211318,"Conservative"
"791",59.5,"Yukon","College",125,0.439153685211318,"Conservative"
"792",59.5,"Yukon","At or above Bachelor",740,0.569944860771701,"Liberal"
"793",29.5,"Northwest Territories","Below high school",1330,0.460156665550968,"Conservative"
"794",29.5,"Northwest Territories","High School",1600,0.493624207896415,"Conservative"
"795",29.5,"Northwest Territories","College",605,0.474329275300589,"Conservative"
"796",29.5,"Northwest Territories","College",1265,0.474329275300589,"Conservative"
"797",29.5,"Northwest Territories","College",135,0.474329275300589,"Conservative"
"798",29.5,"Northwest Territories","At or above Bachelor",1840,0.605120450860972,"Liberal"
"799",29.5,"Northwest Territories","Below high school",770,0.460156665550968,"Conservative"
"800",29.5,"Northwest Territories","High School",810,0.493624207896415,"Conservative"
"801",29.5,"Northwest Territories","College",470,0.474329275300589,"Conservative"
"802",29.5,"Northwest Territories","College",610,0.474329275300589,"Conservative"
"803",29.5,"Northwest Territories","College",70,0.474329275300589,"Conservative"
"804",29.5,"Northwest Territories","At or above Bachelor",630,0.605120450860972,"Liberal"
"805",29.5,"Northwest Territories","Below high school",565,0.460156665550968,"Conservative"
"806",29.5,"Northwest Territories","High School",790,0.493624207896415,"Conservative"
"807",29.5,"Northwest Territories","College",140,0.474329275300589,"Conservative"
"808",29.5,"Northwest Territories","College",660,0.474329275300589,"Conservative"
"809",29.5,"Northwest Territories","College",65,0.474329275300589,"Conservative"
"810",29.5,"Northwest Territories","At or above Bachelor",1210,0.605120450860972,"Liberal"
"811",39.5,"Northwest Territories","Below high school",1090,0.448431468854544,"Conservative"
"812",39.5,"Northwest Territories","High School",1035,0.481899011199991,"Conservative"
"813",39.5,"Northwest Territories","College",615,0.462604078604166,"Conservative"
"814",39.5,"Northwest Territories","College",1275,0.462604078604166,"Conservative"
"815",39.5,"Northwest Territories","College",145,0.462604078604166,"Conservative"
"816",39.5,"Northwest Territories","At or above Bachelor",1815,0.593395254164548,"Liberal"
"817",39.5,"Northwest Territories","Below high school",605,0.448431468854544,"Conservative"
"818",39.5,"Northwest Territories","High School",575,0.481899011199991,"Conservative"
"819",39.5,"Northwest Territories","College",480,0.462604078604166,"Conservative"
"820",39.5,"Northwest Territories","College",530,0.462604078604166,"Conservative"
"821",39.5,"Northwest Territories","College",55,0.462604078604166,"Conservative"
"822",39.5,"Northwest Territories","At or above Bachelor",705,0.593395254164548,"Liberal"
"823",39.5,"Northwest Territories","Below high school",490,0.448431468854544,"Conservative"
"824",39.5,"Northwest Territories","High School",460,0.481899011199991,"Conservative"
"825",39.5,"Northwest Territories","College",135,0.462604078604166,"Conservative"
"826",39.5,"Northwest Territories","College",740,0.462604078604166,"Conservative"
"827",39.5,"Northwest Territories","College",95,0.462604078604166,"Conservative"
"828",39.5,"Northwest Territories","At or above Bachelor",1110,0.593395254164548,"Liberal"
"829",49.5,"Northwest Territories","Below high school",1375,0.436706272158121,"Conservative"
"830",49.5,"Northwest Territories","High School",1070,0.470173814503567,"Conservative"
"831",49.5,"Northwest Territories","College",745,0.450878881907742,"Conservative"
"832",49.5,"Northwest Territories","College",1500,0.450878881907742,"Conservative"
"833",49.5,"Northwest Territories","College",185,0.450878881907742,"Conservative"
"834",49.5,"Northwest Territories","At or above Bachelor",1130,0.581670057468124,"Liberal"
"835",49.5,"Northwest Territories","Below high school",740,0.436706272158121,"Conservative"
"836",49.5,"Northwest Territories","High School",520,0.470173814503567,"Conservative"
"837",49.5,"Northwest Territories","College",570,0.450878881907742,"Conservative"
"838",49.5,"Northwest Territories","College",645,0.450878881907742,"Conservative"
"839",49.5,"Northwest Territories","College",75,0.450878881907742,"Conservative"
"840",49.5,"Northwest Territories","At or above Bachelor",530,0.581670057468124,"Liberal"
"841",49.5,"Northwest Territories","Below high school",640,0.436706272158121,"Conservative"
"842",49.5,"Northwest Territories","High School",545,0.470173814503567,"Conservative"
"843",49.5,"Northwest Territories","College",180,0.450878881907742,"Conservative"
"844",49.5,"Northwest Territories","College",855,0.450878881907742,"Conservative"
"845",49.5,"Northwest Territories","College",110,0.450878881907742,"Conservative"
"846",49.5,"Northwest Territories","At or above Bachelor",605,0.581670057468124,"Liberal"
"847",59.5,"Northwest Territories","Below high school",1045,0.424981075461697,"Conservative"
"848",59.5,"Northwest Territories","High School",865,0.458448617807144,"Conservative"
"849",59.5,"Northwest Territories","College",645,0.439153685211318,"Conservative"
"850",59.5,"Northwest Territories","College",1095,0.439153685211318,"Conservative"
"851",59.5,"Northwest Territories","College",185,0.439153685211318,"Conservative"
"852",59.5,"Northwest Territories","At or above Bachelor",1010,0.569944860771701,"Liberal"
"853",59.5,"Northwest Territories","Below high school",545,0.424981075461697,"Conservative"
"854",59.5,"Northwest Territories","High School",410,0.458448617807144,"Conservative"
"855",59.5,"Northwest Territories","College",530,0.439153685211318,"Conservative"
"856",59.5,"Northwest Territories","College",465,0.439153685211318,"Conservative"
"857",59.5,"Northwest Territories","College",70,0.439153685211318,"Conservative"
"858",59.5,"Northwest Territories","At or above Bachelor",500,0.569944860771701,"Liberal"
"859",59.5,"Northwest Territories","Below high school",500,0.424981075461697,"Conservative"
"860",59.5,"Northwest Territories","High School",455,0.458448617807144,"Conservative"
"861",59.5,"Northwest Territories","College",120,0.439153685211318,"Conservative"
"862",59.5,"Northwest Territories","College",630,0.439153685211318,"Conservative"
"863",59.5,"Northwest Territories","College",120,0.439153685211318,"Conservative"
"864",59.5,"Northwest Territories","At or above Bachelor",510,0.569944860771701,"Liberal"
"865",29.5,"Nunavut","Below high school",2570,0.460156665550968,"Conservative"
"866",29.5,"Nunavut","High School",1170,0.493624207896415,"Conservative"
"867",29.5,"Nunavut","College",405,0.474329275300589,"Conservative"
"868",29.5,"Nunavut","College",985,0.474329275300589,"Conservative"
"869",29.5,"Nunavut","College",40,0.474329275300589,"Conservative"
"870",29.5,"Nunavut","At or above Bachelor",740,0.605120450860972,"Liberal"
"871",29.5,"Nunavut","Below high school",1340,0.460156665550968,"Conservative"
"872",29.5,"Nunavut","High School",590,0.493624207896415,"Conservative"
"873",29.5,"Nunavut","College",315,0.474329275300589,"Conservative"
"874",29.5,"Nunavut","College",375,0.474329275300589,"Conservative"
"875",29.5,"Nunavut","College",15,0.474329275300589,"Conservative"
"876",29.5,"Nunavut","At or above Bachelor",285,0.605120450860972,"Liberal"
"877",29.5,"Nunavut","Below high school",1230,0.460156665550968,"Conservative"
"878",29.5,"Nunavut","High School",580,0.493624207896415,"Conservative"
"879",29.5,"Nunavut","College",90,0.474329275300589,"Conservative"
"880",29.5,"Nunavut","College",610,0.474329275300589,"Conservative"
"881",29.5,"Nunavut","College",25,0.474329275300589,"Conservative"
"882",29.5,"Nunavut","At or above Bachelor",460,0.605120450860972,"Liberal"
"883",39.5,"Nunavut","Below high school",1685,0.448431468854544,"Conservative"
"884",39.5,"Nunavut","High School",620,0.481899011199991,"Conservative"
"885",39.5,"Nunavut","College",445,0.462604078604166,"Conservative"
"886",39.5,"Nunavut","College",850,0.462604078604166,"Conservative"
"887",39.5,"Nunavut","College",50,0.462604078604166,"Conservative"
"888",39.5,"Nunavut","At or above Bachelor",710,0.593395254164548,"Liberal"
"889",39.5,"Nunavut","Below high school",865,0.448431468854544,"Conservative"
"890",39.5,"Nunavut","High School",310,0.481899011199991,"Conservative"
"891",39.5,"Nunavut","College",350,0.462604078604166,"Conservative"
"892",39.5,"Nunavut","College",375,0.462604078604166,"Conservative"
"893",39.5,"Nunavut","College",20,0.462604078604166,"Conservative"
"894",39.5,"Nunavut","At or above Bachelor",310,0.593395254164548,"Liberal"
"895",39.5,"Nunavut","Below high school",815,0.448431468854544,"Conservative"
"896",39.5,"Nunavut","High School",315,0.481899011199991,"Conservative"
"897",39.5,"Nunavut","College",95,0.462604078604166,"Conservative"
"898",39.5,"Nunavut","College",480,0.462604078604166,"Conservative"
"899",39.5,"Nunavut","College",30,0.462604078604166,"Conservative"
"900",39.5,"Nunavut","At or above Bachelor",400,0.593395254164548,"Liberal"
"901",49.5,"Nunavut","Below high school",1625,0.436706272158121,"Conservative"
"902",49.5,"Nunavut","High School",380,0.470173814503567,"Conservative"
"903",49.5,"Nunavut","College",445,0.450878881907742,"Conservative"
"904",49.5,"Nunavut","College",865,0.450878881907742,"Conservative"
"905",49.5,"Nunavut","College",50,0.450878881907742,"Conservative"
"906",49.5,"Nunavut","At or above Bachelor",495,0.581670057468124,"Liberal"
"907",49.5,"Nunavut","Below high school",805,0.436706272158121,"Conservative"
"908",49.5,"Nunavut","High School",220,0.470173814503567,"Conservative"
"909",49.5,"Nunavut","College",345,0.450878881907742,"Conservative"
"910",49.5,"Nunavut","College",360,0.450878881907742,"Conservative"
"911",49.5,"Nunavut","College",30,0.450878881907742,"Conservative"
"912",49.5,"Nunavut","At or above Bachelor",220,0.581670057468124,"Liberal"
"913",49.5,"Nunavut","Below high school",820,0.436706272158121,"Conservative"
"914",49.5,"Nunavut","High School",160,0.470173814503567,"Conservative"
"915",49.5,"Nunavut","College",100,0.450878881907742,"Conservative"
"916",49.5,"Nunavut","College",505,0.450878881907742,"Conservative"
"917",49.5,"Nunavut","College",20,0.450878881907742,"Conservative"
"918",49.5,"Nunavut","At or above Bachelor",275,0.581670057468124,"Liberal"
"919",59.5,"Nunavut","Below high school",870,0.424981075461697,"Conservative"
"920",59.5,"Nunavut","High School",235,0.458448617807144,"Conservative"
"921",59.5,"Nunavut","College",295,0.439153685211318,"Conservative"
"922",59.5,"Nunavut","College",470,0.439153685211318,"Conservative"
"923",59.5,"Nunavut","College",65,0.439153685211318,"Conservative"
"924",59.5,"Nunavut","At or above Bachelor",405,0.569944860771701,"Liberal"
"925",59.5,"Nunavut","Below high school",420,0.424981075461697,"Conservative"
"926",59.5,"Nunavut","High School",145,0.458448617807144,"Conservative"
"927",59.5,"Nunavut","College",240,0.439153685211318,"Conservative"
"928",59.5,"Nunavut","College",235,0.439153685211318,"Conservative"
"929",59.5,"Nunavut","College",25,0.439153685211318,"Conservative"
"930",59.5,"Nunavut","At or above Bachelor",190,0.569944860771701,"Liberal"
"931",59.5,"Nunavut","Below high school",445,0.424981075461697,"Conservative"
"932",59.5,"Nunavut","High School",90,0.458448617807144,"Conservative"
"933",59.5,"Nunavut","College",55,0.439153685211318,"Conservative"
"934",59.5,"Nunavut","College",245,0.439153685211318,"Conservative"
"935",59.5,"Nunavut","College",40,0.439153685211318,"Conservative"
"936",59.5,"Nunavut","At or above Bachelor",220,0.569944860771701,"Liberal"
